{
	"partitions" : [
		{
			"name" : "Top",
			"pins" : [
				{
					"name" : "GPIO25",
					"strict" : false
				},
				{
					"name" : "GPIO24",
					"strict" : false
				},
				{
					"name" : "GPIO23",
					"strict" : false
				},
				{
					"name" : "GPIO22",
					"strict" : false
				},
				{
					"name" : "GPIO21",
					"strict" : false
				},
				{
					"name" : "GPIO20",
					"strict" : false
				},
				{
					"name" : "GPIO35",
					"strict" : false
				},
				{
					"name" : "LEDR[9]",
					"strict" : false
				},
				{
					"name" : "podglad_sektor[3]",
					"strict" : false
				},
				{
					"name" : "podglad_sektor[2]",
					"strict" : false
				},
				{
					"name" : "podglad_sektor[1]",
					"strict" : false
				},
				{
					"name" : "podglad_sektor[0]",
					"strict" : false
				},
				{
					"name" : "podglad_time1[7]",
					"strict" : false
				},
				{
					"name" : "podglad_time1[6]",
					"strict" : false
				},
				{
					"name" : "podglad_time1[5]",
					"strict" : false
				},
				{
					"name" : "podglad_time1[4]",
					"strict" : false
				},
				{
					"name" : "podglad_time1[3]",
					"strict" : false
				},
				{
					"name" : "podglad_time1[2]",
					"strict" : false
				},
				{
					"name" : "podglad_time1[1]",
					"strict" : false
				},
				{
					"name" : "podglad_time1[0]",
					"strict" : false
				},
				{
					"name" : "podglad_time2[7]",
					"strict" : false
				},
				{
					"name" : "podglad_time2[6]",
					"strict" : false
				},
				{
					"name" : "podglad_time2[5]",
					"strict" : false
				},
				{
					"name" : "podglad_time2[4]",
					"strict" : false
				},
				{
					"name" : "podglad_time2[3]",
					"strict" : false
				},
				{
					"name" : "podglad_time2[2]",
					"strict" : false
				},
				{
					"name" : "podglad_time2[1]",
					"strict" : false
				},
				{
					"name" : "podglad_time2[0]",
					"strict" : false
				},
				{
					"name" : "MAX10_CLK1_50",
					"strict" : false
				}
			]
		}
	]
}